recommendation_id	snapshot	title_id	title	ru_title	year	type	profile_scope	predicted_R	predicted_heat	predicted_J	confidence	reason	source_layer	source_note	actual_rating_effect	status_effect
rec_001	v0.93	t_53f040be	Sinners	Грешники	2025	film	R+J	5	🔥🔥🔥	4–5		музыка + сильные актёры + эмоция + жанровая смелость + payoff (развязка)	user_supplied_historical_recommendation	Historical recommendation from an earlier model version, supplied by user on 2026-09-30.	none	none
rec_002	v0.93	t_06faac91	RRR	RRR: Рядом ревёт революция	2022	film	R+J	5	🔥🔥🔥	5		музыка, дружба, безумный экшен, юмор, огромное сердце	user_supplied_historical_recommendation	Historical recommendation from an earlier model version, supplied by user on 2026-09-30.	none	none
rec_003	v0.93	t_4362d318	Strange Darling	Сталкер	2024	film	R+J	5	🔥🔥🔥	4		мощная главная героиня + манипуляция ожиданиями + стиль + винтажный аудиоряд	user_supplied_historical_recommendation	Historical recommendation from an earlier model version, supplied by user on 2026-09-30.	none	none
rec_004	v0.93	t_069df945	Tetris	Тетрис	2023	film	R+J	5	🔥🔥	4–5		Cold War thriller (триллер холодной войны) + игры + 80-е + очень специальный саундтрек	user_supplied_historical_recommendation	Historical recommendation from an earlier model version, supplied by user on 2026-09-30.	none	none
rec_005	v0.93	t_a80c1bc4	KPop Demon Hunters	Кей-поп-охотницы на демонов	2025	film	R+J	4–5	🔥🔥–🔥🔥🔥	4–5		wildcard (тёмная лошадка): музыка + сильные героини + юмор + фэнтези-экшен + эмоция	user_supplied_historical_recommendation	Historical recommendation from an earlier model version, supplied by user on 2026-09-30.	none	none
rec_006	v0.93	t_ec807acf	The Devil's Hour	Час дьявола	2022	series	R+J	5	🔥🔥🔥	4–5		сейчас мой главный новый сериал-тест	user_supplied_historical_recommendation	Historical recommendation from an earlier model version, supplied by user on 2026-09-30.	none	none
rec_007	v0.93	t_87a29eda	Widow's Bay	Бухта вдов	2026	series	R+J	5	🔥🔥–🔥🔥🔥	4–5		всё ещё чрезвычайно сильное попадание	user_supplied_historical_recommendation	Historical recommendation from an earlier model version, supplied by user on 2026-09-30.	none	none
rec_008	v0.93	t_681db60e	Murderbot	Дневники киллербота	2025	series	R+J	5	🔥🔥	4–5		sci-fi (фантастика) + чёрный юмор + характер + сердце	user_supplied_historical_recommendation	Historical recommendation from an earlier model version, supplied by user on 2026-09-30.	none	none
rec_009	v0.93	t_96b88522	Star City	Звездный городок	2026	series	R+J	5	🔥🔥	3–4		сильнейший R-кандидат, но возможен знакомый R/J split (разрыв R/J)	user_supplied_historical_recommendation	Historical recommendation from an earlier model version, supplied by user on 2026-09-30.	none	none
rec_010	v0.93	t_0f6101b3	Paradise	Рай	2025	series	R+J	4–5	🔥🔥	4–5		mystery (тайна) + закрытая система + политика + эмоциональный слой	user_supplied_historical_recommendation	Historical recommendation from an earlier model version, supplied by user on 2026-09-30.	none	none
rec_011	legacy-confidence	t_53f040be	Sinners	Грешники	2025	film	R+J	5	🔥🔥🔥		88%	актёрская игра + эмоциональность + музыка + яркая авторская идентичность + сильная развязка	user_supplied_historical_recommendation	Historical recommendation from an earlier model version, supplied by user on 2026-09-30.	none	none
rec_012	legacy-confidence	t_f6d5b9af	The Menu	Меню	2022	film	R+J	5	🔥🔥–🔥🔥🔥		87%	закрытая система + правила + сильная ГГ + чёрный юмор + постоянно растущее напряжение	user_supplied_historical_recommendation	Historical recommendation from an earlier model version, supplied by user on 2026-09-30.	none	none
rec_013	legacy-confidence	t_4362d318	Strange Darling	Сталкер	2024	film	R+J	5	🔥🔥🔥		85%	мощная центральная роль + сюрпризы + стиль + переосмысление происходящего	user_supplied_historical_recommendation	Historical recommendation from an earlier model version, supplied by user on 2026-09-30.	none	none
rec_014	legacy-confidence	t_06faac91	RRR	RRR: Рядом ревёт революция	2022	film	R+J	5	🔥🔥🔥		82%	дружба + эмоция + музыка + абсолютно безумный масштаб + жанровое удовольствие	user_supplied_historical_recommendation	Historical recommendation from an earlier model version, supplied by user on 2026-09-30.	none	none
rec_015	legacy-confidence	t_422e5099	One Battle After Another	Битва за битвой	2025	film	R+J	4–5, скорее 5	🔥🔥		77%	сильный ансамбль + экшен + юмор + музыка + нестандартная энергия	user_supplied_historical_recommendation	Historical recommendation from an earlier model version, supplied by user on 2026-09-30.	none	none
